10 Cloverfield Lane|Paramount Pictures|PG-13|2016|6.8|Science Fiction|3/8/2016|Matthew Stuecken - Josh Campbell -Damien Chazelle|1:43:32|Dan Trachtenberg|Mary Elizabeth Winstead - John Goodman -John Gallagher Jr.
13 Hours: The Secret Soldiers ofBenghazi|Paramount Pictures|R|2016|7|Action - Drama - History|1/15/2016|Chuck Hogan|2:24:29|Michael Bay|James Badge Dale - John Krasinski - MaxMartini
20th Century Women|Annapurna Pictures|R|2016|7.2|Drama|10/8/2016|Mike Mills|1:58:44|Mike Mills|Annette Bening - Elle Fanning - GretaGerwig
22 Jump Street|Columbia Pictures|R|2014|7|Crime - Comedy - Action|6/13/2014|Michael Bacall - Oren Uziel - RodneyRothman|1:51:57|Phil Lord - Christopher Miller|Jonah Hill - Channing Tatum - DaveFranco
9|Focus Films|PG-13|2009|6.6|Action - Adventure - Animation|9/9/2009|Shane Acker - Pamela Pettler|1:19:24|Shane Acker|Christopher Plummer - Martin Landau -John C. Reilly
Aladdin|Walt Disney Pictures|G|1992|7.4|Animation - Family - Comedy|11/25/1992|Ted Elliott - Terry Rossio - RonClements|1:30:39|Ron Clements - John Musker|Scott Weinger - Robin Williams - LindaLarkin
Alice Through the Looking Glass|Walt Disney Pictures|PG|2016|6.5|Fantasy|5/27/2016|Linda Woolverton|1:52:57|James Bobin|Johnny Depp - Mia Wasikowska - AnneHathaway
Anchorman 2: The Legend Continues|Paramount Pictures|PG-13|2013|6|Comedy|12/18/2013|Will Ferrell - Adam McKay|2:03:05|Adam McKay|Will Ferrell - Steve Carell - Paul Rudd
The Angry Birds Movie|Sony Pictures Animation|PG|2016|5.9|Action - Animation - Comedy|5/20/2016|Jon Vitti|1:37:13|Clay Kaytis - Fergal Reilly|Jason Sudeikis - Josh Gad - DannyMcBride
Arrival|Paramount Pictures|PG-13|2016|7|Thriller - Drama - Science Fiction|9/2/2016|Eric Heisserer|1:56:25|Denis Villeneuve|Amy Adams - Jeremy Renner - ForestWhitaker
Arthur Christmas|Columbia Pictures|PG|2011|6.7|Drama - Animation - Family|11/23/2011|Peter Baynham - Sarah Smith|1:37:32|Sarah Smith - Barry Cook|James McAvoy - Hugh Laurie - Bill Nighy
Assassin's Creed|Regency Enterprises|PG-13|2016|5.4|Adventure - Action - Science Fiction|12/21/2016|Michael Lesslie - Adam Cooper - BillCollage|1:55:31|Justin Kurzel|Michael Fassbender - Marion Cotillard -Jeremy Irons
Avengers: Age of Ultron|Marvel Studios|PG-13|2015|7.3|Action - Adventure - Science Fiction|5/1/2015|Joss Whedon|2:21:40|Joss Whedon|Robert Downey Jr. - Chris Hemsworth -Mark Ruffalo
Bad Moms|Merced Media Partners|R|2016|6.2|Comedy|7/29/2016|Jon Lucas - Scott Moore|1:40:57|Jon Lucas - Scott Moore|Mila Kunis - Kristen Bell - Kathryn Hahn
Beauty and the Beast|Walt Disney Pictures|G|1991|7.5|Romance - Family - Animation|11/12/1991|Linda Woolverton|1:31:44|Gary Trousdale - Kirk Wise|Paige O'Hara - Robby Benson - RichardWhite
Beauty and the Beast|Walt Disney Pictures|PG|2017|6.8|Family - Fantasy - Romance|3/2/2017|Stephen Chbosky - Evan Spiliotopoulos|2:09:16|Bill Condon|Emma Watson - Dan Stevens - Luke Evans
The BFG|Walt Disney Pictures|PG|2016|6|Adventure - Family - Fantasy|7/1/2016|Melissa Mathison|1:57:06|Steven Spielberg|Ruby Barnhill - Mark Rylance - RebeccaHall
Big Hero 6|Walt Disney Pictures|PG|2014|7.8|Adventure - Family - Animation|10/25/2014|Daniel Gerson - Jordan Roberts - RobertL. Baird|1:41:52|Don Hall - Chris Williams|Scott Adsit - Ryan Potter - DanielHenney
Black Mass|Infinitum Nihil|R|2015|6.3|Crime - Drama|9/18/2015|Jez Butterworth - Mark Mallouk|2:02:32|Scott Cooper|Johnny Depp - Joel Edgerton - BenedictCumberbatch
Blade Runner|Shaw Brothers|R|1982|7.8|Science Fiction - Drama - Thriller|6/25/1982|Hampton Fancher - David Webb Peoples|1:50:04|Ridley Scott|Harrison Ford - Rutger Hauer - SeanYoung
The Boss Baby|Twentieth Century Fox Film Corporation|PG|2017|5.9|Animation - Comedy - Family|3/12/2017|Michael McCullers|1:37:30|Tom McGrath|Alec Baldwin - Miles Bakshi - JimmyKimmel
Boundin'|Walt Disney Pictures|G|2003|7|Music - Animation - Family|11/4/2003|Bud Luckey|0:04:27|Bud Luckey - Roger Gould|Bud Luckey
The Boxtrolls|Laika Entertainment|PG|2014|6.7|Animation - Comedy - Family|9/26/2014|Irena Brignull - Adam Pava|1:36:09|Graham Annable - Anthony Stacchi|Ben Kingsley - Isaac Hempstead Wright -Elle Fanning
The Boy|Lakeshore Entertainment|PG-13|2016|5.8|Horror - Mystery - Thriller|1/22/2016|Stacey Menear|1:33:07|William Brent Bell|Lauren Cohan - Rupert Evans - JamesRussell
Brave|Walt Disney Pictures|PG|2012|6.6|Animation - Adventure - Comedy|6/22/2012|Mark Andrews - Steve Purcell - BrendaChapman|1:33:37|Mark Andrews - Steve Purcell - BrendaChapman|Kelly Macdonald - Julie Walters - BillyConnolly
Bridge of Spies|DreamWorks SKG|PG-13|2015|7.1|Thriller - Drama|10/16/2015|Ethan Coen - Matt Charman - Joel Coen|2:21:19|Steven Spielberg|Tom Hanks - Mark Rylance - Amy Ryan
A Bug's Life|Walt Disney Pictures|G|1998|6.7|Adventure - Animation - Comedy|11/25/1998|Andrew Stanton - Don McEnery - Bob Shaw|1:34:53|John Lasseter - Andrew Stanton|Kevin Spacey - Julia Louis-Dreyfus -Hayden Panettiere
Captain America: Civil War|Studio Babelsberg|PG-13|2016|6.9|Adventure - Action - Science Fiction|4/12/2016|Christopher Markus - Stephen McFeely|2:27:41|Anthony Russo - Joe Russo|Chris Evans - Robert Downey Jr. -Scarlett Johansson
Captain America: The Winter Soldier|Marvel Studios|PG-13|2014|7.6|Action - Adventure - Science Fiction|4/4/2014|Christopher Markus - Stephen McFeely|2:15:54|Joe Russo - Anthony Russo|Chris Evans - Samuel L. Jackson -Scarlett Johansson
Cars|Walt Disney Pictures|G|2006|6.5|Animation - Adventure - Comedy|6/9/2006|Dan Fogelman - Joe Ranft - John Lasseter|1:56:35|John Lasseter - Joe Ranft|Owen Wilson - Paul Newman - Bonnie Hunt
Chappie|Columbia Pictures|R|2015|6.6|Crime - Action - Science Fiction|3/6/2015|Neill Blomkamp - Terri Tatchell|2:00:19|Neill Blomkamp|Sharlto Copley - Dev Patel - Ninja
Chef|Prescience|R|2014|7.2|Comedy|3/7/2014|Jon Favreau|1:49:54|Jon Favreau|Jon Favreau - Sofía Vergara - EmjayAnthony
CHiPS|Warner Bros.|R|2017|5.4|Action - Comedy - Drama|3/24/2017|Dax Shepard|1:40:51|Dax Shepard|Michael Peña - Dax Shepard - JessicaMcNamee
A Christmas Story|Metro-Goldwyn-Mayer (MGM)|PG|1983|7.4|Comedy - Family|11/18/1983|Bob Clark|1:33:23|Bob Clark|Melinda Dillon - Darren McGavin - PeterBillingsley
Cinderella|Walt Disney Pictures|PG|2015|6.7|Romance - Fantasy - Family|3/13/2015|Chris Weitz|1:45:22|Kenneth Branagh|Lily James - Cate Blanchett - RichardMadden
Cloudy with a Chance of Meatballs|Columbia Pictures|PG|2009|6.5|Animation - Comedy - Family|9/18/2009|Ron Barrett - Judi Barrett - Phil Lord|1:29:53|Phil Lord - Christopher Miller|Bill Hader - Anna Faris - James Caan
Cloudy with a Chance of Meatballs 2|Columbia Pictures|PG|2013|6.5|Animation - Family - Comedy|9/27/2013|John Francis Daley - Jonathan M.Goldstein|1:34:49|Cody Cameron - Kris Pearn|Bill Hader - Anna Faris - James Caan
The Cobbler|Next Wednesday Productions|PG-13|2014|5.5|Fantasy - Comedy - Drama|9/11/2014|Tom McCarthy - Paul Sado|1:38:02|Tom McCarthy|Adam Sandler - Dan Stevens - SteveBuscemi
Colossal|Brightlight Pictures|R|2017|6.4|Action - Comedy - Drama|1/20/2017|Nacho Vigalondo|1:49:23|Nacho Vigalondo|Anne Hathaway - Jason Sudeikis - TimBlake Nelson
Concussion|Columbia Pictures|PG-13|2015|7|Drama|12/25/2015|Peter Landesman - Jeanne Marie Laskas|2:02:49|Peter Landesman|Will Smith - Alec Baldwin - AlbertBrooks
Coraline|Focus Features|PG|2009|7.2|Animation - Family|2/6/2009|Neil Gaiman - Henry Selick|1:40:34|Henry Selick|Dakota Fanning - Teri Hatcher - JenniferSaunders
Creed|New Line Cinema|PG-13|2015|7.3|Drama|11/25/2015|Ryan Coogler - Aaron Covington|2:13:10|Ryan Coogler|Michael B. Jordan - Sylvester Stallone -Graham McTavish
The Croods|DreamWorks Animation|PG|2013|6.8|Adventure - Animation - Comedy|3/22/2013|Kirk De Micco - Chris Sanders - JohnCleese|1:38:36|Kirk De Micco - Chris Sanders|Nicolas Cage - Emma Stone - RyanReynolds
A Cure for Wellness|Studio Babelsberg|N/A|2016|5.5|Horror - Mystery - Thriller|12/10/2016|Justin Haythe|2:26:33|Gore Verbinski|Dane DeHaan - Jason Isaacs - Mia Goth
The Dark Knight Rises|Legendary Pictures|PG-13|2012|7.5|Action - Crime - Drama|7/20/2012|Jonathan Nolan - Christopher Nolan|2:44:33|Christopher Nolan|Christian Bale - Michael Caine - GaryOldman
Dawn of the Planet of the Apes|Ingenious Media|PG-13|2014|7.4|Science Fiction - Action - Drama|7/11/2014|Mark Bomback - Rick Jaffa - AmandaSilver|2:10:24|Matt Reeves|Andy Serkis - Jason Clarke - TobyKebbell
Deadpool|Twentieth Century Fox Film Corporation|R|2016|7.3|Action - Adventure - Comedy|2/12/2016|Rhett Reese - Paul Wernick|1:48:06|Tim Miller|Ryan Reynolds - Morena Baccarin - EdSkrein
Descendants 2|Walt Disney Television|N/A|2017|7.8|TV Movie - Family - Action|7/21/2017|Josann McGibbon - Sara Parriott|1:51:34|Kenny Ortega|Dove Cameron - Sofia Carson - CameronBoyce
Despicable Me|Universal Pictures|PG|2010|7.1|Animation - Family|7/9/2010|Ken Daurio - Cinco Paul|1:34:48|Pierre Coffin - Chris Renaud|Steve Carell - Jason Segel - RussellBrand
Despicable Me 2|Universal Pictures|PG|2013|7|Animation - Comedy - Family|7/3/2013|Ken Daurio - Cinco Paul|1:37:58|Pierre Coffin - Chris Renaud|Steve Carell - Kristen Wiig - BenjaminBratt
Despicable Me Presents: Minion Madness|Illumination Entertainment|NR|2010|6.9|Family - Adventure - Animation|12/15/2010|Brett Hoffman|0:12:11|Chris Renaud - Pierre Coffin|Miranda Cosgrove - Dana Gaier - ElsieKate Fisher
Dirty Grandpa|Lionsgate|R|2016|5.6|Comedy|1/22/2016|John Phillips|1:40:07|Dan Mazer|Zac Efron - Robert De Niro - JulianneHough
Divergent|Summit Entertainment|PG-13|2014|6.9|Adventure - Action - Science Fiction|3/21/2014|Vanessa Taylor - Evan Daugherty|2:19:40|Neil Burger|Shailene Woodley - Theo James - KateWinslet
Django Unchained|Columbia Pictures|R|2012|7.7|Drama - Western|12/25/2012|Quentin Tarantino|2:45:22|Quentin Tarantino|Jamie Foxx - Christoph Waltz - LeonardoDiCaprio
Doctor Strange|Walt Disney Pictures|PG-13|2016|7|Action - Adventure - Fantasy|11/4/2016|Scott Derrickson - Jon Spaihts - C.Robert Cargill|1:54:58|Scott Derrickson|Benedict Cumberbatch - Chiwetel Ejiofor- Rachel McAdams
Draft Day|Summit Entertainment|PG-13|2014|6.5|Drama|4/11/2014|Scott Rothman - Rajiv Joseph|1:50:13|Ivan Reitman|Kevin Costner - Jennifer Garner - TomWelling
Dumb and Dumber To|New Line Cinema|PG-13|2014|5.4|Comedy|11/14/2014|John Morris - Sean Anders - BennettYellin|1:49:30|Bobby Farrelly - Peter Farrelly|Jim Carrey - Jeff Daniels - RachelMelvin
Edge of Tomorrow|Village Roadshow Pictures|PG-13|2014|7.7|Action - Science Fiction|6/6/2014|Jez Butterworth - Christopher McQuarrie- John-Henry Butterworth|1:53:27|Doug Liman|Tom Cruise - Emily Blunt - BrendanGleeson
Elf|New Line Cinema|PG|2003|6.5|Comedy - Family - Fantasy|10/9/2003|David Berenbaum|1:36:43|Jon Favreau|Will Ferrell - James Caan - ZooeyDeschanel
Ender's Game|Summit Entertainment|PG-13|2013|6.5|Science Fiction - Action - Adventure|11/1/2013|Gavin Hood|1:53:48|Gavin Hood|Asa Butterfield - Harrison Ford - HaileeSteinfeld
The Equalizer|Columbia Pictures|R|2014|7.1|Thriller - Action - Crime|9/26/2014|Richard Wenk|2:12:02|Antoine Fuqua|Denzel Washington - Marton Csokas -Chloë Grace Moretz
Ex Machina|DNA Films|R|2015|7.6|Drama - Science Fiction|4/24/2015|Alex Garland|1:48:00|Alex Garland|Domhnall Gleeson - Alicia Vikander -Oscar Isaac
The Expendables 3|Davis-Films|PG-13|2014|6.1|Action - Adventure - Thriller|8/15/2014|Sylvester Stallone - CreightonRothenberger - Katrin Benedikt|2:06:16|Patrick Hughes|Sylvester Stallone - Jason Statham -Harrison Ford
Fantastic Beasts and Where to Find Them|Heyday films|PG-13|2016|7.1|Fantasy|11/10/2016|Joanne K. Rowling|2:12:52|David Yates|Eddie Redmayne - Colin Farrell -Katherine Waterston
The Fifth Element|Columbia Pictures|PG-13|1997|7.2|Adventure - Fantasy - Action|5/9/1997|Robert Mark Kamen - Luc Besson|2:05:53|Luc Besson|Bruce Willis - Gary Oldman - Ian Holm
Finding Dory|Walt Disney Pictures|PG|2016|6.7|Adventure - Animation - Comedy|6/8/2016|Victoria Strouse - Andrew Stanton|1:37:03|Andrew Stanton - Angus MacLane|Ellen DeGeneres - Albert Brooks - HaydenRolence
Finding Nemo|Walt Disney Pictures|G|2003|7.5|Animation - Family|5/30/2003|Andrew Stanton - Bob Peterson - DavidReynolds|1:40:53|Andrew Stanton|Albert Brooks - Ellen DeGeneres -Alexander Gould
Frankenweenie|Tim Burton Productions|PG|2012|6.5|Animation - Comedy - Family|9/20/2012|John August|1:26:56|Tim Burton|Charlie Tahan - Catherine O'Hara -Martin Short
Frozen|Walt Disney Pictures|PG|2013|7.4|Animation - Adventure - Family|11/19/2013|Hans Christian Andersen - Jennifer Lee|1:42:13|Chris Buck - Jennifer Lee|Kristen Bell - Idina Menzel - JonathanGroff
Frozen Fever|Walt Disney Pictures|G|2015|7|Adventure - Animation - Family|3/13/2015|N/A|0:07:57|Chris Buck - Jennifer Lee|Kristen Bell - Idina Menzel - JonathanGroff
Fury|Columbia Pictures|R|2014|7.4|War - Drama - Action|10/15/2014|David Ayer|2:14:38|David Ayer|Brad Pitt - Shia LaBeouf - Logan Lerman
Get Hard|Gary Sanchez Productions|R|2015|5.9|Comedy|3/27/2015|Jay Martel - Ian Roberts - Etan Cohen|1:46:43|Etan Cohen|Will Ferrell - Kevin Hart - Alison Brie
Get Out|Blumhouse Productions|R|2017|7.1|Mystery - Thriller - Horror|1/23/2017|Jordan Peele|1:44:05|Jordan Peele|Daniel Kaluuya - Allison Williams -Bradley Whitford
Ghost in the Shell|Paramount Pictures|PG-13|2017|5.8|Action - Crime - Drama|3/31/2017|William Wheeler - Jamie Moss - EhrenKruger|1:47:12|Rupert Sanders|Scarlett Johansson - Pilou Asbæk -Takeshi Kitano
The Gift|Blumhouse Productions|R|2015|6.6|Thriller - Mystery|7/30/2015|Joel Edgerton|1:48:11|Joel Edgerton|Jason Bateman - Rebecca Hall - JoelEdgerton
Gnomeo & Juliet|Starz Animation|G|2011|5.7|Animation - Family|2/11/2011|Andy Riley - William Shakespeare - JohnR. Smith|1:23:51|Kelly Asbury|James McAvoy - Michael Caine - MaggieSmith
Godzilla|Toho Company|PG-13|2014|6.1|Action - Science Fiction - Thriller|5/16/2014|Max Borenstein|2:03:07|Gareth Edwards|Aaron Taylor-Johnson - Ken Watanabe -Elizabeth Olsen
The Good Dinosaur|Walt Disney Pictures|PG|2015|6.6|Adventure - Animation - Family|11/25/2015|Meg LeFauve|1:33:38|Peter Sohn|Raymond Ochoa - Jack Bright - JeffreyWright
The Great Wall|Universal Pictures|PG-13|2017|5.9|Action - Adventure - Fantasy|2/17/2017|Tony Gilroy - Doug Miro - Carlo Bernard|1:43:03|Zhang Yimou|Matt Damon - Jing Tian - Willem Dafoe
Grimsby|Columbia Pictures|R|2016|5.7|Action - Comedy|3/11/2016|Sacha Baron Cohen - Phil Johnston -Peter Baynham|1:23:12|Louis Leterrier|Sacha Baron Cohen - Mark Strong - IslaFisher
Guardians of the Galaxy|Marvel Studios|PG-13|2014|7.9|Action - Science Fiction - Adventure|8/1/2014|Nicole Perlman - James Gunn|2:00:51|James Gunn|Chris Pratt - Zoe Saldana - DaveBautista
Hacksaw Ridge|Icon Productions|R|2016|7.6|Drama - History - War|11/4/2016|Robert Schenkkan - Andrew Knight|2:19:19|Mel Gibson|Andrew Garfield - Sam Worthington -Vince Vaughn
"Hail Caesar!"|Universal Pictures|PG-13|2016|5.7|Comedy - Drama - Mystery|2/5/2016|Joel Coen - Ethan Coen|1:41:44|Joel Coen - Ethan Coen|Josh Brolin - George Clooney - AldenEhrenreich
Harry Potter and the Chamber of Secrets|1492 Pictures|PG|2002|7.3|Adventure - Fantasy - Family|11/14/2002|Steve Kloves|2:54:24|Chris Columbus|Daniel Radcliffe - Rupert Grint - EmmaWatson
Harry Potter and the Deathly Hallows:Part 1|Warner Bros.|PG-13|2010|7.5|Adventure - Fantasy - Family|11/19/2010|Steve Kloves|2:26:05|David Yates|Daniel Radcliffe - Emma Watson - RupertGrint
Harry Potter and the Deathly Hallows:Part 2|Warner Bros.|PG-13|2011|7.8|Adventure - Fantasy|7/15/2011|Steve Kloves|2:10:26|David Yates|Daniel Radcliffe - Rupert Grint - EmmaWatson
Harry Potter and the Goblet of Fire|Patalex IV Productions Limited|PG-13|2005|7.4|Adventure - Fantasy - Family|11/18/2005|Steve Kloves|2:37:05|Mike Newell|Daniel Radcliffe - Rupert Grint - EmmaWatson
Harry Potter and the Half-Blood Prince|Warner Bros.|PG|2009|7.4|Adventure - Fantasy - Family|7/8/2009|Steve Kloves|2:33:31|David Yates|Daniel Radcliffe - Rupert Grint - EmmaWatson
Harry Potter and the Order of thePhoenix|Warner Bros.|PG-13|2007|7.3|Adventure - Fantasy - Family|7/11/2007|Michael Goldenberg|2:18:14|David Yates|Daniel Radcliffe - Rupert Grint - EmmaWatson
Harry Potter and the Philosopher's Stone|1492 Pictures|PG|2001|7.4|Adventure - Fantasy - Family|11/14/2001|Steve Kloves|2:38:50|Chris Columbus|Daniel Radcliffe - Rupert Grint - EmmaWatson
Harry Potter and the Prisoner of Azkaban|1492 Pictures|PG|2004|7.6|Adventure - Fantasy - Family|6/4/2004|Steve Kloves|2:21:42|Alfonso Cuarón|Daniel Radcliffe - Rupert Grint - EmmaWatson
The Hateful Eight|Double Feature Films|R|2015|7.5|Crime - Drama - Mystery|12/7/2015|Quentin Tarantino|2:47:44|Quentin Tarantino|Samuel L. Jackson - Kurt Russell -Jennifer Jason Leigh
Her|Annapurna Pictures|R|2013|7.8|Romance - Science Fiction - Drama|10/12/2013|Spike Jonze|2:05:50|Spike Jonze|Joaquin Phoenix - Scarlett Johansson -Rooney Mara
Hidden Figures|Fox 2000 Pictures|PG|2016|7.7|History - Drama|12/10/2016|Allison Schroeder - Theodore Melfi|2:06:43|Theodore Melfi|Taraji P. Henson - Octavia Spencer -Janelle Monae
Hitman|Twentieth Century Fox Film Corporation|R|2007|5.9|Action - Crime - Drama|11/21/2007|Skip Woods|1:34:14|Xavier Gens|Timothy Olyphant - Dougray Scott - OlgaKurylenko
The Hobbit: The Battle of the FiveArmies|WingNut Films|PG-13|2014|7.1|Action - Adventure - Fantasy|12/17/2014|Peter Jackson - Fran Walsh - PhilippaBoyens|2:24:29|Peter Jackson|Martin Freeman - Ian McKellen - RichardArmitage
The Hobbit: The Desolation of Smaug|WingNut Films|PG-13|2013|7.6|Adventure - Fantasy|12/13/2013|Fran Walsh - Philippa Boyens - PeterJackson|2:41:17|Peter Jackson|Martin Freeman - Ian McKellen - RichardArmitage
Hocus Pocus|Walt Disney Pictures|PG|1993|6.3|Comedy - Family - Fantasy|7/16/1993|Mick Garris - Neil Cuthbert|1:36:08|Kenny Ortega|Bette Midler - Sarah Jessica Parker -Kathy Najimy
Home|Twentieth Century Fox Film Corporation|PG|2016|7.9|Fantasy - Comedy - Animation|3/27/2015|Tom J. Astle - Matt Ember|1:33:48|Tim Johnson|Jim Parsons - Rihanna - Steve Martin
Home Alone|Twentieth Century Fox Film Corporation|PG|1990|7|Comedy - Family|11/9/1990|John Hughes|1:42:53|Chris Columbus|Macaulay Culkin - Joe Pesci - DanielStern
Hoodwinked!|The Weinstein Company|PG|2005|5.9|Animation - Comedy - Family|12/16/2005|Todd Edwards - Tony Leech - Cory Edwards|1:20:52|Cory Edwards - Todd Edwards - Tony Leech|Anne Hathaway - Glenn Close - JimBelushi
The Hooligan Factory|Think Big Productions|PG-13|2014|5.3|Comedy|6/13/2014|Nick Nevern - Michael Lindley|1:29:46|Nick Nevern|Jason Maza - Nick Nevern - Tom Burke
Hot Tub Time Machine 2|Paramount Pictures|R|2015|4.9|Comedy|2/20/2015|Josh Heald|1:39:15|Steve Pink|Rob Corddry - Craig Robinson - ClarkDuke
Hotel Transylvania|Columbia Pictures|PG|2012|6.8|Animation - Comedy - Family|9/27/2012|Dan Hageman|1:31:31|Genndy Tartakovsky|Adam Sandler - Steve Buscemi - DavidSpade
Hotel Transylvania 2|Columbia Pictures|PG|2015|6.7|Animation - Comedy - Family|9/25/2015|Dan Hageman - Kevin Hageman|1:29:18|Genndy Tartakovsky|Adam Sandler - Andy Samberg - SelenaGomez
How the Grinch Stole Christmas|Imagine Entertainment|PG|2000|6.1|Family - Comedy - Fantasy|11/17/2000|Jeffrey Price - Peter S. Seaman|1:45:03|Ron Howard|Jim Carrey - Taylor Momsen - JeffreyTambor
How to Train Your Dragon|DreamWorks Animation|PG|2010|7.5|Fantasy - Adventure - Animation|3/26/2010|Will Davies - Dean DeBlois - ChrisSanders|1:37:51|Dean DeBlois - Chris Sanders|Jay Baruchel - Gerard Butler - CraigFerguson
How to Train Your Dragon 2|DreamWorks Animation|PG|2014|7.7|Fantasy - Action - Adventure|6/13/2014|Dean DeBlois|1:42:13|Dean DeBlois|Jay Baruchel - Gerard Butler - KristenWiig
The Hunger Games: Catching Fire|Lionsgate|PG-13|2013|7.4|Adventure - Action - Science Fiction|11/22/2013|Simon Beaufoy - Michael Arndt|2:26:14|Francis Lawrence|Jennifer Lawrence - Josh Hutcherson -Liam Hemsworth
The Hunger Games: Mockingjay - Part 1|Lionsgate|PG-13|2014|6.6|Science Fiction - Adventure - Thriller|11/21/2014|Danny Strong - Peter Craig|1:57:48|Francis Lawrence|Jennifer Lawrence - Josh Hutcherson -Liam Hemsworth
The Hunger Games: Mockingjay - Part 2|Studio Babelsberg|PG-13|2015|6.6|Action - Adventure - Science Fiction|11/16/2015|Danny Strong - Peter Craig|2:16:54|Francis Lawrence|Jennifer Lawrence - Josh Hutcherson -Liam Hemsworth
Ice Age|Twentieth Century Fox Film Corporation|PG|2002|7|Animation - Comedy - Family|3/12/2002|Michael Berg - Michael J. Wilson - PeterAckerman|1:21:09|Chris Wedge - Carlos Saldanha|Ray Romano - John Leguizamo - DenisLeary
Ice Age: Collision Course|Blue Sky Studios|PG|2016|5.5|Adventure - Animation - Family|7/22/2016|Michael J. Wilson|1:34:32|Mike Thurmeier - Galen T. Chu|Ray Romano - John Leguizamo - DenisLeary
Idiocracy|Twentieth Century Fox Film Corporation|R|2006|6.3|Adventure - Comedy - Science Fiction|9/1/2006|Mike Judge - Mike Judge - Etan Cohen|1:24:12|Mike Judge|Luke Wilson - Maya Rudolph - Dax Shepard
The Imitation Game|Black Bear Pictures|PG-13|2014|8|History - Drama - Thriller|8/29/2014|Graham Moore|1:54:13|Morten Tyldum|Benedict Cumberbatch - Keira Knightley -Matthew Goode
In the Heart of the Sea|Imagine Entertainment|PG-13|2015|6.5|Thriller - Drama - Adventure|12/7/2015|Charles Leavitt|2:01:43|Ron Howard|Chris Hemsworth - Benjamin Walker -Cillian Murphy
The Incredibles|Walt Disney Pictures|PG|2004|7.3|Action - Adventure - Animation|11/5/2004|Brad Bird|1:55:25|Brad Bird|Craig T. Nelson - Holly Hunter - SamuelL. Jackson
Independence Day: Resurgence|Twentieth Century Fox Film Corporation|PG-13|2016|4.9|Action - Adventure - Science Fiction|6/24/2016|Dean Devlin - Roland Emmerich - NicolasWright|2:00:11|Roland Emmerich|Liam Hemsworth - Jeff Goldblum - BillPullman
Inside Out|Walt Disney Pictures|PG|2015|8|Drama - Comedy - Animation|6/4/2015|Meg LeFauve - Josh Cooley - Pete Docter|1:34:34|Pete Docter|Amy Poehler - Phyllis Smith - RichardKind
Insurgent|Summit Entertainment|PG-13|2015|6.2|Adventure - Science Fiction - Thriller|3/20/2015|Brian Duffield - Akiva Goldsman - MarkBomback|1:59:17|Robert Schwentke|Shailene Woodley - Theo James - KateWinslet
Interstellar|Paramount Pictures|PG-13|2014|8|Adventure - Drama - Science Fiction|11/5/2014|Christopher Nolan - Jonathan Nolan|2:49:03|Christopher Nolan|Matthew McConaughey - Jessica Chastain -Anne Hathaway
Into the Woods|Walt Disney Pictures|PG|2014|5.6|Fantasy - Comedy - Music|12/25/2014|James Lapine|2:04:45|Rob Marshall|Meryl Streep - Emily Blunt - JamesCorden
Ip Man 3|Mandarin Films Distribution Co.|PG-13|2016|6.4|Action - Drama - History|1/22/2016|Lai-yin Leung - Chan Tai-Li - EdmondWong|1:44:41|Wilson Yip|Donnie Yen - Lynn Hung - Zhang Jin
The Iron Giant|Warner Bros. Animation|PG|1999|7.6|Adventure - Animation - Family|8/6/1999|Brad Bird - Tim McCanlies|1:26:32|Brad Bird|Eli Marienthal - Jennifer Aniston - VinDiesel
Its Your 50th Christmas Charlie Brown|N/A|N/A|0|0|N/A|N/A|N/A|0:42:03|N/A|N/A
Iudmckdhforiv2|N/A|N/A|0|0|N/A|N/A|N/A|0:01:01|N/A|N/A
Jack Ryan: Shadow Recruit|Paramount Pictures|PG-13|2014|5.9|Action - Drama - Thriller|1/17/2014|Adam Cozad - David Koepp|1:45:32|Kenneth Branagh|Chris Pine - Keira Knightley - KevinCostner
Jack-Jack Attack|Walt Disney Pictures|G|2005|7.3|Adventure - Animation - Family|3/15/2005|Brad Bird|0:04:44|Brad Bird|Bud Luckey - Eli Fucile - Jason Lee
John Wick|Summit Entertainment|R|2014|7|Action - Thriller|10/24/2014|Derek Kolstad|1:41:12|Chad Stahelski - David Leitch|Keanu Reeves - Michael Nyqvist - AlfieAllen
John Wick: Chapter 2|Thunder Road Pictures|R|2017|6.5|Thriller - Action - Crime|1/30/2017|Derek Kolstad|1:57:30|Chad Stahelski|Keanu Reeves - Common - LaurenceFishburne
Jumanji|TriStar Pictures|PG|1995|6.8|Adventure - Fantasy - Family|12/15/1995|Jonathan Hensleigh - Greg Taylor - JimStrain|1:44:06|Joe Johnston|Robin Williams - Jonathan Hyde - KirstenDunst
The Jungle Book|Walt Disney Pictures|PG|2016|6.7|Adventure - Drama - Fantasy|4/4/2016|Justin Marks|1:45:54|Jon Favreau|Neel Sethi - Bill Murray - Ben Kingsley
Jurassic World|Universal Studios|PG-13|2015|6.5|Action - Adventure - Science Fiction|6/9/2015|Rick Jaffa - Amanda Silver - DerekConnolly|2:04:21|Colin Trevorrow|Chris Pratt - Bryce Dallas Howard -Irrfan Khan
Kick-Ass 2|Universal Pictures|R|2013|6.3|Action - Adventure - Crime|8/16/2013|Mark Millar - John Romita Jr. - JeffWadlow|1:43:00|Jeff Wadlow|Aaron Taylor-Johnson - Chloë GraceMoretz - Christopher Mintz-Plasse
Kingsman: The Secret Service|Twentieth Century Fox Film Corporation|R|2014|7.6|Crime - Comedy - Action|12/13/2014|Jane Goldman - Matthew Vaughn|2:08:37|Matthew Vaughn|Taron Egerton - Colin Firth - Samuel L.Jackson
Kong: Skull Island|Warner Bros.|PG-13|2017|6.1|Action - Adventure - Fantasy|3/10/2017|Max Borenstein - Dan Gilroy|1:58:21|Jordan Vogt-Roberts|Tom Hiddleston - Samuel L. Jackson -Brie Larson
Kubo and the Two Strings|Laika Entertainment|PG|2016|7.7|Animation - Adventure - Family|8/19/2016|Marc Haimes - Chris Butler|1:41:36|Travis Knight|Art Parkinson - Charlize Theron - RooneyMara
Kung Fu Panda|DreamWorks Animation|PG|2008|6.9|Adventure - Animation - Family|6/5/2008|Glenn Berger - Jonathan Aibel|1:32:09|Mark Osborne - John Stevenson|Jack Black - Dustin Hoffman - AngelinaJolie
Kung Fu Panda 2|DreamWorks Animation|PG|2011|6.7|Animation - Family|5/25/2011|Jonathan Aibel - Glenn Berger|1:30:23|Jennifer Yuh Nelson|Jack Black - Angelina Jolie - DustinHoffman
Kung Fu Panda 3|Twentieth Century Fox Film Corporation|PG|2016|6.6|Action - Adventure - Animation|1/29/2016|Jonathan Aibel - Glenn Berger|1:35:03|Jennifer Yuh Nelson - Alessandro Carloni|Jack Black - Bryan Cranston - DustinHoffman
La La Land|Summit Entertainment|PG-13|2016|7.8|Comedy - Drama - Music|9/2/2016|Damien Chazelle|2:08:05|Damien Chazelle|Ryan Gosling - Emma Stone - John Legend
Legend|Working Title Films|R|2015|6.7|Crime - Thriller|10/29/2015|Brian Helgeland|2:05:34|Brian Helgeland|Tom Hardy - Emily Browning - ChristopherEccleston
The Lego Batman Movie|Lin Pictures|PG|2017|7.2|Fantasy - Action - Animation|2/10/2017|Chris McKenna - Erik Sommers - SethGrahame-Smith|1:44:28|Chris McKay|Will Arnett - Zach Galifianakis -Michael Cera
The Lego Movie|Village Roadshow Pictures|PG|2014|7.5|Adventure - Animation - Comedy|2/7/2014|Christopher Miller - Phil Lord|1:40:33|Phil Lord - Christopher Miller|Chris Pratt - Elizabeth Banks - WillFerrell
The Lion King|Walt Disney Pictures|G|1994|7.9|Family - Animation - Drama|6/23/1994|Linda Woolverton - Jonathan Roberts -Irene Mecchi|1:28:23|Roger Allers - Rob Minkoff|Jonathan Taylor Thomas - MatthewBroderick - James Earl Jones
The Little Mermaid|Walt Disney Pictures|G|1989|7.2|Animation - Family|11/15/1989|Hans Christian Andersen - John Musker -Ron Clements|1:22:48|Ron Clements - John Musker|Jodi Benson - Christopher Daniel Barnes- Jason Marin
Logan|Twentieth Century Fox Film Corporation|R|2017|7.5|Action - Drama - Science Fiction|3/3/2017|Michael Green - Scott Frank - JamesMangold|2:17:45|James Mangold|Hugh Jackman - Patrick Stewart - DafneKeen
The Lorax|Universal Pictures|PG|2012|6.3|Animation - Family|3/1/2012|Cinco Paul - Ken Daurio|1:26:18|Chris Renaud - Kyle Balda|Zac Efron - Danny DeVito - Taylor Swift
The Lord of the Rings Extended III: TheReturn of the King|WingNut Films|PG-13|2003|8|Fantasy|12/17/2003|Peter Jackson - Fran Walsh - PhilippaBoyens|4:23:15|Peter Jackson|Elijah Wood - Ian McKellen - ViggoMortensen
The Lord of the Rings: The Fellowship ofthe Ring|WingNut Films|PG-13|2001|8|Adventure - Fantasy - Action|12/19/2001|Peter Jackson - Fran Walsh - PhilippaBoyens|1:45:43|Peter Jackson|Elijah Wood - Ian McKellen - ViggoMortensen
Love Actually|Universal Pictures|R|2003|7|Comedy - Romance - Drama|11/7/2003|Richard Curtis|2:14:52|Richard Curtis|Keira Knightley - Heike Makatsch - EmmaThompson
Mad Max: Fury Road|Village Roadshow Pictures|R|2015|7.2|Action - Adventure - Science Fiction|5/7/2015|Nick Lathouris - George Miller - BrendanMcCarthy|2:00:23|George Miller|Tom Hardy - Charlize Theron - NicholasHoult
The Magnificent Seven|Columbia Pictures|PG-13|2016|5.7|Adventure - Action - Western|9/23/2016|Nic Pizzolatto - Richard Wenk|2:12:49|Antoine Fuqua|Denzel Washington - Chris Pratt - EthanHawke
Maleficent|Walt Disney Pictures|PG|2014|7|Fantasy - Adventure - Action|5/30/2014|Linda Woolverton|1:37:28|Robert Stromberg|Angelina Jolie - Elle Fanning - SharltoCopley
Man of Steel|Legendary Pictures|PG-13|2013|6.5|Action - Adventure - Fantasy|6/14/2013|David S. Goyer|2:23:02|Zack Snyder|Henry Cavill - Amy Adams - MichaelShannon
The Martian|Twentieth Century Fox Film Corporation|PG-13|2015|7.6|Drama - Adventure - Science Fiction|9/27/2015|Drew Goddard|2:21:50|Ridley Scott|Matt Damon - Jessica Chastain - KristenWiig
The Matrix|Village Roadshow Pictures|R|1999|7.9|Action - Science Fiction|3/30/1999|Lana Wachowski - Lilly Wachowski|2:16:17|Lilly Wachowski - Lana Wachowski|Keanu Reeves - Laurence Fishburne -Carrie-Anne Moss
The Maze Runner|Ingenious Media|PG-13|2014|7|Action - Mystery - Science Fiction|9/19/2014|Grant Pierce Myers - Noah Oppenheim -T.S. Nowlin|1:53:26|Wes Ball|Dylan O'Brien - Ki Hong Lee - KayaScodelario
Maze Runner: The Scorch Trials|Gotham Group|PG-13|2015|6.4|Action|9/18/2015|T.S. Nowlin|2:11:32|Wes Ball|Dylan O'Brien - Kaya Scodelario - ThomasBrodie-Sangster
Mechanic: Resurrection|Davis-Films|R|2016|5.2|Action - Crime - Thriller|8/26/2016|Philip Shelby - Tony Mosher - RachelLong|1:38:38|Dennis Gansel|Jason Statham - Jessica Alba - Tommy LeeJones
Megamind|DreamWorks Animation|PG|2010|6.7|Animation - Action - Comedy|11/4/2010|Alan J. Schoolcraft - Brent Simons|1:35:34|Tom McGrath|Will Ferrell - Brad Pitt - Tina Fey
Midnight Special|Warner Bros.|PG-13|2016|6.3|Adventure - Drama - Science Fiction|3/12/2016|Jeff Nichols|1:51:57|Jeff Nichols|Michael Shannon - Jaeden Lieberher -Joel Edgerton
Minions|Universal Pictures|PG|2015|6.5|Family - Animation - Adventure|7/10/2015|Brian Lynch|1:30:51|Kyle Balda - Pierre Coffin|Sandra Bullock - Jon Hamm - MichaelKeaton
Mission: Impossible - Rogue Nation|Paramount Pictures|PG-13|2015|7.1|Action - Adventure - Thriller|7/31/2015|Christopher McQuarrie|2:11:33|Christopher McQuarrie|Tom Cruise - Rebecca Ferguson - SimonPegg
Moana|Walt Disney Pictures|PG|2016|7.2|Adventure - Animation - Comedy|11/14/2016|Jared Bush|1:47:12|Ron Clements - John Musker|Auli'i Cravalho - Dwayne Johnson -Rachel House
Monsters University|Walt Disney Pictures|G|2013|7|Animation - Family|6/21/2013|Dan Scanlon - Robert L. Baird - DanielGerson|1:44:17|Dan Scanlon|Billy Crystal - John Goodman - SteveBuscemi
"Monsters| Inc."|Walt Disney Pictures|0|2001|7.5|Fantasy - Animation - Family|10/28/2001|Andrew Stanton - Daniel Gerson|1:32:15|Lee Unkrich - David Silverman - PeteDocter
Moonlight|Plan B Entertainment|R|2016|7.3|Drama|9/2/2016|Barry Jenkins|1:50:56|Barry Jenkins|Trevante Rhodes - André Holland - NaomieHarris
Mr. Peabody & Sherman|Pacific Data Images (PDI)|PG|2014|6.8|Animation - Adventure - Family|3/7/2014|Craig Wright|1:33:07|Rob Minkoff|Ty Burrell - Max Charles - Ariel Winter
The Muppets|Walt Disney Pictures|PG|2011|6.5|Comedy - Family - Music|11/4/2011|Jason Segel - Nicholas Stoller|1:42:44|James Bobin|Amy Adams - Jason Segel - Emily Blunt
Muppets Most Wanted|Buena Vista|PG|2014|6.2|Comedy - Adventure - Crime|3/21/2014|Nicholas Stoller - James Bobin|1:47:27|James Bobin|Ricky Gervais - Ty Burrell - Tina Fey
My Big Fat Greek Wedding 2|Universal Pictures|PG-13|2016|5.5|Romance - Comedy - Family|3/25/2016|Nia Vardalos|1:33:52|Kirk Jones|John Corbett - Elena Kampouris - NiaVardalos
Need for Speed|DreamWorks SKG|PG-13|2014|6.1|Action - Crime - Drama|3/14/2014|George Gatins|2:10:42|Scott Waugh|Aaron Paul - Dominic Cooper - ImogenPoots
Neighbors|Universal Pictures|R|2014|6.2|Comedy|3/8/2014|Andrew J. Cohen - Brendan O'Brien|1:36:41|Nicholas Stoller|Seth Rogen - Zac Efron - Rose Byrne
Neighbors 2: Sorority Rising|Universal Pictures|R|2016|5.6|Comedy|5/20/2016|Evan Goldberg - Andrew J. Cohen -Nicholas Stoller|1:32:23|Nicholas Stoller|Seth Rogen - Rose Byrne - Zac Efron
The Nice Guys|Silver Pictures|R|2016|7|Action - Comedy - Crime|5/20/2016|Shane Black - Anthony Bagarozzi|1:55:57|Shane Black|Russell Crowe - Ryan Gosling - AngourieRice
Night at the Museum: Secret of the Tomb|Twentieth Century Fox Film Corporation|PG|2014|6.1|Adventure - Comedy - Fantasy|12/19/2014|Thomas Lennon - David Guion - MichaelHandelman|1:37:48|Shawn Levy|Ben Stiller - Rami Malek - Rebel Wilson
The Night Before|Sony Pictures|R|2015|6.1|Comedy|11/20/2015|Evan Goldberg - Kyle Hunter - JonathanLevine|1:41:16|Jonathan Levine|Joseph Gordon-Levitt - Seth Rogen -Anthony Mackie
Nightcrawler|Bold Films|R|2014|7.6|Crime - Drama - Thriller|10/31/2014|Dan Gilroy|1:58:05|Dan Gilroy|Jake Gyllenhaal - Rene Russo - Riz Ahmed
The Nightmare Before Christmas|Tim Burton Animation Company|PG|1993|7.6|Fantasy - Animation - Family|10/9/1993|Tim Burton - Caroline Thompson|1:16:39|Henry Selick|Danny Elfman - Chris Sarandon -Catherine O'Hara
The Nut Job|Open Road Films|PG|2014|5.4|Animation - Comedy - Family|1/17/2014|Lorne Cameron - Peter Lepeniotis -Daniel Woo|1:25:54|Peter Lepeniotis|Will Arnett - Katherine Heigl - BrendanFraser
Once Upon a Time in China|Golden Harvest Company|R|1991|7.3|Action - Drama|8/15/1991|Gai Chi Yuen - Pik-yin Tang - EdwardLeung Yiu-Ming|2:13:54|Tsui Hark|Jet Li - Yuen Biao - Jacky Cheung
Once Upon a Time in China & America|China Star Entertainment|PG-13|1997|5.7|Action - Western|2/22/1997|So Man-Sing - Sze-To Cheuk-Hon - SharonHui|1:35:32|Sammo Hung|Jet Li - Rosamund Kwan - Xiong Xin-Xin
The Other Woman|Twentieth Century Fox Film Corporation|PG-13|2014|6.2|Comedy - Romance|4/25/2014|Melissa Stack|1:49:10|Nick Cassavetes|Cameron Diaz - Leslie Mann - Kate Upton
Oz: The Great and Powerful|Walt Disney Pictures|PG|2013|5.7|Fantasy - Adventure - Family|3/8/2013|L. Frank Baum - Mitchell Kapner - DavidLindsay-Abaire|2:10:29|Sam Raimi|James Franco - Mila Kunis - Rachel Weisz
Pacific Rim|Legendary Pictures|PG-13|2013|6.7|Action - Science Fiction - Adventure|7/12/2013|Travis Beacham - Guillermo del Toro|2:11:17|Guillermo del Toro|Idris Elba - Charlie Hunnam - CharlieDay
Paddington|The Weinstein Company|PG|2015|7|Family - Comedy|1/16/2015|Paul King|1:35:12|Paul King|Nicole Kidman - Peter Capaldi - BenWhishaw
Pan|Warner Bros.|PG|2015|5.9|Adventure - Family - Fantasy|10/9/2015|Jason Fuchs|1:51:32|Joe Wright|Levi Miller - Garrett Hedlund - HughJackman
ParaNorman|Focus Features|PG|2012|6.7|Family - Animation - Adventure|8/17/2012|Chris Butler|1:32:15|Sam Fell - Chris Butler|Kodi Smit-McPhee - Tucker Albrizzi -Jodelle Ferland
Passengers|Columbia Pictures|PG-13|2016|6.6|Adventure - Drama - Romance|12/21/2016|Jon Spaihts|1:56:10|Morten Tyldum|Jennifer Lawrence - Chris Pratt -Michael Sheen
The Peanuts Movie|Blue Sky Studios|G|2015|6.5|Animation|10/19/2015|Bryan Schulz - Craig Schulz - CorneliusUliano|1:28:06|Steve Martino|Noah Schnapp - Bill Melendez - VenusSchultheis
Penguins of Madagascar|DreamWorks Animation|PG|2014|6.5|Family - Animation - Adventure|11/26/2014|Michael Colton - John Aboud|1:31:49|Simon J. Smith - Eric Darnell|Tom McGrath - Chris Miller - ChristopherKnights
Pete's Dragon|Walt Disney Pictures|PG|2016|6.2|Adventure - Family - Fantasy|8/12/2016|David Lowery - Toby Halbrooks|1:42:45|David Lowery|Bryce Dallas Howard - Oakes Fegley - WesBentley
Planet 51|TriStar Pictures|PG|2009|5.7|Science Fiction - Animation - Family|11/19/2009|Joe Stillman - Jorge Blanco - IgnacioPérez Dolset|1:28:14|Jorge Blanco - Javier Abad - MarcosMartínez|Dwayne Johnson - Seann William Scott -Jessica Biel
The Princess and the Frog|Walt Disney Pictures|G|2009|6.7|Romance - Family - Animation|12/10/2009|Ron Clements - John Musker - Rob Edwards|1:37:27|Ron Clements - John Musker|Anika Noni Rose - Bruno Campos - KeithDavid
Rare Exports: A Christmas Tale|Filmpool Nord|R|2010|6.4|Fantasy - Action - Science Fiction|12/3/2010|N/A|1:22:46|Jalmari Helander|Per Christian Ellefsen - Jorma Tommila -Tommi Korpela
Ratatouille|Walt Disney Pictures|G|2007|7.4|Animation - Comedy - Family|6/22/2007|Brad Bird|1:50:33|Brad Bird - Jan Pinkava|Patton Oswalt - Ian Holm - Lou Romano
RED 2|DC Comics|PG-13|2013|6.4|Action - Comedy - Crime|7/19/2013|Cully Hamner - Erich Hoeber - Jon Hoeber|1:55:48|Dean Parisot|Bruce Willis - Catherine Zeta-Jones -Anthony Hopkins
The Revenant|Regency Enterprises|R|2015|7.3|Western - Drama - Adventure|12/16/2015|Alejandro González Iñárritu - Mark L.Smith|2:36:55|Alejandro González Iñárritu|Leonardo DiCaprio - Tom Hardy - WillPoulter
Robots|Blue Sky Studios|PG|2005|5.9|Animation - Comedy - Family|3/11/2005|David Lindsay-Abaire - Lowell Ganz -Babaloo Mandel|1:23:39|Chris Wedge - Carlos Saldanha|Robin Williams - Ewan McGregor - HalleBerry
Rogue One: A Star Wars Story|Lucasfilm|PG-13|2016|7.3|Science Fiction|12/10/2016|Chris Weitz - Tony Gilroy|2:13:57|Gareth Edwards|Felicity Jones - Diego Luna - BenMendelsohn
Sausage Party|Columbia Pictures|R|2016|5.7|Adventure - Animation - Comedy|3/14/2016|Kyle Hunter - Ariel Shaffir - EvanGoldberg|1:28:45|Conrad Vernon - Greg Tiernan|Seth Rogen - Kristen Wiig - Jonah Hill
The Secret Life of Pets|Universal Pictures|PG|2016|5.8|Animation|7/8/2016|Ken Daurio - Cinco Paul - Brian Lynch|1:26:27|Chris Renaud|Louis C.K. - Eric Stonestreet - KevinHart
Seventh Son|Legendary Pictures|PG-13|2015|5.2|Adventure - Fantasy|2/6/2015|Max Borenstein - Matt Greenberg -Charles Leavitt|1:41:59|Sergey Bodrov|Jeff Bridges - Julianne Moore - BenBarnes
Shrek|DreamWorks SKG|PG|2001|7.2|Adventure - Animation - Comedy|5/16/2001|Ted Elliott - Terry Rossio - JoeStillman|1:30:04|Andrew Adamson - Vicky Jenson|Mike Myers - Eddie Murphy - Cameron Diaz
Shrek 2|DreamWorks SKG|PG|2004|6.6|Adventure - Animation - Comedy|5/19/2004|Andrew Adamson - Joe Stillman - J. DavidStem|1:32:23|Andrew Adamson - Kelly Asbury - ConradVernon|Mike Myers - Eddie Murphy - Cameron Diaz
Shrek Forever After|DreamWorks Animation|PG|2010|6|Comedy - Adventure - Fantasy|5/16/2010|William Steig - Josh Klausner - DarrenLemke|1:33:10|Mike Mitchell|Mike Myers - Eddie Murphy - Cameron Diaz
Shrek the Third|DreamWorks SKG|PG|2007|5.9|Fantasy - Adventure - Animation|5/17/2007|Jeffrey Price - Peter S. Seaman - JonZack|1:32:43|Chris Miller - Raman Hui|Mike Myers - Eddie Murphy - Cameron Diaz
Sing|Universal Pictures|Pg|2016|6.8|Animation|12/2/2016|Garth Jennings|1:47:53|Garth Jennings - Christophe Lourdelet|Matthew McConaughey - Reese Witherspoon- Seth MacFarlane
Sisters|Little Stranger|R|2015|5.8|Comedy|12/18/2015|Paula Pell|1:57:39|Jason Moore|Tina Fey - Amy Poehler - John Leguizamo
Smurfs: The Lost Village|Columbia Pictures|PG|2017|6|Adventure - Animation - Comedy|4/7/2017|Pamela Ribon - Stacey Harman|1:29:46|Kelly Asbury|Julia Roberts - Ariel Winter - EllieKemper
The Sound of Music|Twentieth Century Fox Film Corporation|G|1965|7.3|Drama - Family - Music|3/2/1965|Howard Lindsay - Russel Crouse - ErnestLehman|2:54:41|Robert Wise|Julie Andrews - Christopher Plummer -Eleanor Parker
The Space Between Us|Southpaw Entertainment|PG-13|2017|7|Romance - Adventure - Science Fiction|2/3/2017|Allan Loeb|1:55:22|Peter Chelsom|Asa Butterfield - Britt Robertson -Carla Gugino
Spark: A Space Tail|Gulfstream Pictures|PG|2017|3.5|Adventure - Animation - Comedy|4/14/2017|Aaron Woodley|1:31:28|Aaron Woodley|Jessica Biel - Hilary Swank - SusanSarandon
Spectre|Columbia Pictures|PG-13|2015|6.3|Action - Adventure - Crime|11/6/2015|John Logan - Neal Purvis - Robert Wade|2:28:06|Sam Mendes|Daniel Craig - Christoph Waltz - LéaSeydoux
Spirited Away|Studio Ghibli|PG|2001|8.2|Fantasy - Adventure - Animation|9/30/2001|Hayao Miyazaki|2:04:32|Hayao Miyazaki|Rumi Hiiragi - Miyu Irino - Mari Natsuki
Split|Universal Pictures|PG-13|2016|6.8|Horror - Thriller|9/26/2016|M. Night Shyamalan|1:57:08|M. Night Shyamalan|James McAvoy - Anya Taylor-Joy - BettyBuckley
Spy|Twentieth Century Fox Film Corporation|R|2015|6.9|Action - Comedy - Crime|6/5/2015|Paul Feig|2:10:22|Paul Feig|Melissa McCarthy - Jude Law - Rose Byrne
Star Trek Beyond|Paramount Pictures|PG-13|2016|6.5|Action - Adventure - Science Fiction|7/22/2016|Simon Pegg - Doug Jung|2:02:21|Justin Lin|Chris Pine - Zachary Quinto - Karl Urban
Star Trek Into Darkness|Paramount Pictures|PG-13|2013|7.4|Action - Adventure - Science Fiction|5/16/2013|Alex Kurtzman - Damon Lindelof - RobertoOrci|2:12:25|J.J. Abrams|Chris Pine - Zachary Quinto - ZoeSaldana
Star Wars: The Force Awakens|Lucasfilm|PG-13|2015|7.5|Action - Adventure - Science Fiction|12/14/2015|J.J. Abrams - Lawrence Kasdan - MichaelArndt|2:18:06|J.J. Abrams|Daisy Ridley - John Boyega - Adam Driver
Storks|Warner Bros. Animation|PG|2016|6.7|Adventure - Animation - Comedy|9/23/2016|Nicholas Stoller|1:26:57|Doug Sweetland - Nicholas Stoller|Andy Samberg - Katie Crown - KelseyGrammer
Street Fighter: Assassin's Fist|Assassin's Fist Limited|NR|2014|6.4|Adventure - Action|10/28/2014|Christian Howard - Joey Ansah|2:19:50|Joey Ansah|Christian Howard - Mike Moh - AkiraKoieyama
Suicide Squad|DC Comics|PG-13|2016|5.9|Action - Crime - Fantasy|8/5/2016|David Ayer|2:14:32|David Ayer|Will Smith - Jared Leto - Margot Robbie
Synchronicity|Pop Films|R|2016|5.6|Thriller - Mystery - Science Fiction|1/22/2016|Jacob Gentry|1:40:29|Jacob Gentry|Chad McKnight - Brianne Davis - AJ Bowen
Tangled|Walt Disney Pictures|PG|2010|7.4|Animation - Family|11/24/2010|Dan Fogelman|1:40:17|Nathan Greno - Byron Howard|Zachary Levi - Mandy Moore - DonnaMurphy
Ted 2|Universal Pictures|R|2015|6.2|Comedy|6/26/2015|Seth MacFarlane - Alec Sulkin -Wellesley Wild|2:05:50|Seth MacFarlane|Mark Wahlberg - Seth MacFarlane - AmandaSeyfried
Teenage Mutant Ninja Turtles|Paramount Pictures|PG-13|2014|5.8|Science Fiction - Action - Adventure|8/8/2014|André Nemec - Evan Daugherty - JoshAppelbaum|1:41:18|Jonathan Liebesman|Megan Fox - Will Arnett - WilliamFichtner
Terminator Genisys|Paramount Pictures|PG-13|2015|5.8|Science Fiction - Action - Thriller|7/1/2015|Laeta Kalogridis - Patrick Lussier|2:05:43|Alan Taylor|Arnold Schwarzenegger - Jason Clarke -Emilia Clarke
The Theory of Everything|Working Title Films|PG-13|2014|7.8|Drama - Romance|11/26/2014|Anthony McCarten|2:03:25|James Marsh|Eddie Redmayne - Felicity Jones -Charlie Cox
Tin Cup|Regency Enterprises|R|1996|5.9|Comedy - Drama - Romance|8/16/1996|Ron Shelton - John Norville|2:14:40|Ron Shelton|Kevin Costner - Don Johnson - CheechMarin
Tomorrowland|Walt Disney Pictures|PG|2015|6.2|Adventure - Family - Mystery|5/9/2015|Brad Bird - Damon Lindelof|2:10:03|Brad Bird|Britt Robertson - George Clooney -Raffey Cassidy
Toy Story|Pixar Animation Studios|G|1995|7.7|Animation - Comedy - Family|11/19/1995|Joss Whedon - Andrew Stanton - JoelCohen|1:21:03|John Lasseter|Tom Hanks - Tim Allen - Don Rickles
Toy Story 2|Pixar Animation Studios|G|1999|7.3|Animation - Comedy - Family|11/24/1999|Andrew Stanton - Rita Hsiao - DougChamberlin|1:32:25|John Lasseter|Tom Hanks - Tim Allen - Joan Cusack
Toy Story 3|Walt Disney Pictures|G|2010|7.6|Animation - Family - Comedy|6/17/2010|Michael Arndt|1:42:33|Lee Unkrich|Tom Hanks - Tim Allen - Ned Beatty
Toy Story That Time Forgot|Pixar Animation Studios|G|2014|6.8|Animation - Family|12/2/2014|Steve Purcell|0:21:36|Steve Purcell|Tom Hanks - Tim Allen - Joan Cusack
Trainwreck|Universal Pictures|R|2015|5.9|Comedy|3/15/2015|Amy Schumer|2:04:38|Judd Apatow|Amy Schumer - Bill Hader - Brie Larson
Trance|Cloud Eight Films|R|2013|6.5|Thriller - Crime - Drama|4/5/2013|John Hodge - Joe Ahearne|1:41:19|Danny Boyle|James McAvoy - Vincent Cassel - RosarioDawson
Transcendence|Alcon Entertainment|PG-13|2014|5.9|Thriller - Science Fiction - Drama|4/17/2014|Jack Paglen|1:59:17|Wally Pfister|Johnny Depp - Paul Bettany - RebeccaHall
Triple 9|Worldview Entertainment|R|2016|5.5|Thriller|2/19/2016|Matt Cook|1:50:34|John Hillcoat|Casey Affleck - Chiwetel Ejiofor - WoodyHarrelson
Trolls|Twentieth Century Fox Film Corporation|PG|2016|6.6|Adventure - Animation - Family|11/4/2016|Wallace Wolodarsky - Jonathan Aibel -Glenn Berger|1:32:48|Mike Mitchell - Walt Dohrn|Anna Kendrick - Justin Timberlake -Zooey Deschanel
Unbreakable|Limited Edition Productions Inc.|PG-13|2000|6.8|Action - Fantasy - Thriller|11/13/2000|M. Night Shyamalan|1:46:47|M. Night Shyamalan|Bruce Willis - Samuel L. Jackson - RobinWright
Unbroken|Legendary Pictures|PG-13|2014|7.2|Drama - War|12/25/2014|Ethan Coen - Joel Coen - RichardLaGravenese|2:17:28|Angelina Jolie|Jack O'Connell - Domhnall Gleeson -Garrett Hedlund
Up|Pixar Animation Studios|PG|2009|7.7|Animation - Comedy - Family|5/28/2009|Pete Docter - Bob Peterson|1:36:07|Pete Docter|Ed Asner - Christopher Plummer - JordanNagai
Vacation|New Line Cinema|R|2015|6.1|Comedy|7/29/2015|John Francis Daley - Jonathan M.Goldstein|1:38:59|John Francis Daley - Jonathan M.Goldstein|Ed Helms - Christina Applegate - SkylerGisondo
A Walk Among the Tombstones|Double Feature Films|R|2014|6.2|Crime - Drama - Mystery|9/19/2014|Scott Frank|1:54:05|Scott Frank|Liam Neeson - Dan Stevens - DavidHarbour
WALL·E|Walt Disney Pictures|G|2008|7.7|Animation - Family|6/22/2008|Jim Reardon - Andrew Stanton|1:38:42|Andrew Stanton|Ben Burtt - Elissa Knight - Jeff Garlin
War Dogs|The Mark Gordon Company|R|2016|6.8|Comedy - Crime - Drama|8/19/2016|Todd Phillips - Jason Smilovic - StephenChin|1:54:12|Todd Phillips|Miles Teller - Jonah Hill - Ana de Armas
Warcraft|Universal Pictures|PG-13|2016|6.3|Action - Adventure - Fantasy|6/10/2016|Charles Leavitt - Duncan Jones|2:03:07|Duncan Jones|Paula Patton - Travis Fimmel - BenFoster
Whiskey Tango Foxtrot|Paramount Pictures|R|2016|6|War - Comedy|3/4/2016|Robert Carlock|1:51:48|Glenn Ficarra - John Requa|Tina Fey - Margot Robbie - Billy BobThornton
Willy Wonka & the Chocolate Factory|Paramount Pictures|G|1971|7.4|Family - Fantasy|6/30/1971|Roald Dahl|1:39:45|Mel Stuart|Gene Wilder - Jack Albertson - PeterOstrum
The Witch|Parts and Labor|R|2015|6.2|Mystery - Horror|1/23/2015|Robert Eggers|1:32:32|Robert Eggers|Anya Taylor-Joy - Ralph Ineson - KateDickie
The Wizard of Oz|Loew's Incorporated|G|1939|7.4|Adventure - Family - Fantasy|8/12/1939|Noel Langley - Florence Ryerson - EdgarAllan Woolf|1:41:48|Victor Fleming|Judy Garland - Frank Morgan - Ray Bolger
The Wolf of Wall Street|Paramount Pictures|R|2013|7.9|Crime - Drama - Comedy|12/25/2013|Terence Winter|2:59:52|Martin Scorsese|Leonardo DiCaprio - Jonah Hill - MargotRobbie
Wreck-It Ralph|Walt Disney Animation Studios|PG|2012|7|Family - Animation - Comedy|11/2/2012|Jennifer Lee - Phil Johnston|1:41:13|Rich Moore|John C. Reilly - Sarah Silverman - JaneLynch
X-Men: Apocalypse|Twentieth Century Fox Film Corporation|PG-13|2016|6.3|Action - Adventure - Fantasy|5/27/2016|Michael Dougherty - Dan Harris - SimonKinberg|2:23:58|Bryan Singer|James McAvoy - Michael Fassbender -Jennifer Lawrence
X-Men: Days of Future Past|Twentieth Century Fox Film Corporation|PG-13|2014|7.6|Action - Adventure - Fantasy|5/23/2014|Simon Kinberg|2:11:09|Bryan Singer|Hugh Jackman - James McAvoy - MichaelFassbender
Zero Dark Thirty|Columbia Pictures|R|2012|6.6|Thriller - Drama - History|12/19/2012|Mark Boal|2:36:59|Kathryn Bigelow|Jessica Chastain - Jason Clarke - MarkStrong
Zoolander 2|Scott Rudin Productions|PG-13|2016|4.7|Comedy|2/12/2016|Justin Theroux - Ben Stiller - NicholasStoller|1:41:47|Ben Stiller|Ben Stiller - Owen Wilson - Will Ferrell
Zootopia|Walt Disney Pictures|PG|2016|7.6|Animation - Adventure - Family|3/4/2016|Jared Bush - Phil Johnston|1:48:32|Byron Howard - Rich Moore - Jared Bush|Ginnifer Goodwin - Jason Bateman -Shakira
Test Movie||PG|1999|3.3|Horror|3/3/1999|Bob Doe||Bob Smith|Jane Doe
